id;name;email;phone
1;Palladium;Allan12@hotmail.com;(817) 912-6110 x83661
2;Data Cambridgeshire multi-byte;Tony50@hotmail.com;1-660-961-2322 x32486
3;Architect withdrawal;Monty12@gmail.com;559-451-8671 x84477
4;innovative Won;Delaney.Strosin@yahoo.com;983-396-3734
5;Central Crossroad;Burnice_DuBuque64@yahoo.com;(559) 929-0417
6;Identity;Webster_Skiles@gmail.com;(689) 882-3815
7;relationships;Marques3@hotmail.com;1-268-491-6468 x0702
8;Argentine;Merle.Hoppe66@gmail.com;(579) 604-4605 x339
9;loyalty transmit;Janiya.Thiel47@gmail.com;1-928-532-5113
10;Cotton Cotton transmit;Elton66@hotmail.com;(577) 732-3791
